Record Length,Analog:2000
Sample Interval,1.000000E-09
Vertical Units,V,
Vertical Scale,+2.000000E+01
Vertical Offset,+4.000000E+01
Horizontal Units,s
Horizontal Scale,+2.000000E-07
Model,SDS1204X HD
Serial Number,SDSEV82X900772
Software Version,6.9.13.1.1.6.7
Source,CH1
Second,Value
-1.0000000000E-06,+6.333336E+00
-9.9900000000E-07,+1.791669E+00
-9.9800000000E-07,+4.166875E-02
-9.9700000000E-07,-1.083331E+00
-9.9600000000E-07,-1.499998E+00
-9.9500000000E-07,-8.749980E-01
-9.9400000000E-07,-7.083313E-01
-9.9300000000E-07,-5.416646E-01
-9.9200000000E-07,-7.083313E-01
-9.9100000000E-07,-9.583313E-01
-9.9000000000E-07,-1.041665E+00
-9.8900000000E-07,-9.166646E-01
-9.8800000000E-07,-6.666646E-01
-9.8700000000E-07,-6.249980E-01
-9.8600000000E-07,-4.166646E-01
-9.8500000000E-07,-2.916646E-01
-9.8400000000E-07,-3.333313E-01
-9.8300000000E-07,-4.166646E-01
-9.8200000000E-07,-2.499979E-01
-9.8100000000E-07,-2.083313E-01
-9.8000000000E-07,-4.166646E-01
-9.7900000000E-07,-2.916646E-01
-9.7800000000E-07,-4.166646E-01
-9.7700000000E-07,-2.916646E-01
-9.7600000000E-07,-3.333313E-01
-9.7500000000E-07,-2.916646E-01
-9.7400000000E-07,-2.499979E-01
-9.7300000000E-07,-2.499979E-01
-9.7200000000E-07,-3.333313E-01
-9.7100000000E-07,-2.083313E-01
-9.7000000000E-07,-3.749979E-01
-9.6900000000E-07,-1.249979E-01
-9.6800000000E-07,-1.666646E-01
-9.6700000000E-07,-2.916646E-01
-9.6600000000E-07,-4.583313E-01
-9.6500000000E-07,-2.916646E-01
-9.6400000000E-07,-2.499979E-01
-9.6300000000E-07,-4.166458E-02
-9.6200000000E-07,-2.499979E-01
-9.6100000000E-07,-2.499979E-01
-9.6000000000E-07,-2.083313E-01
-9.5900000000E-07,-2.083313E-01
-9.5800000000E-07,-2.499979E-01
-9.5700000000E-07,-2.083313E-01
-9.5600000000E-07,-3.333313E-01
-9.5500000000E-07,-2.083313E-01
-9.5400000000E-07,-2.916646E-01
-9.5300000000E-07,-2.916646E-01
-9.5200000000E-07,-2.499979E-01
-9.5100000000E-07,-2.499979E-01
-9.5000000000E-07,-3.749979E-01
-9.4900000000E-07,-2.916646E-01
-9.4800000000E-07,-3.749979E-01
-9.4700000000E-07,-1.666646E-01
-9.4600000000E-07,-2.499979E-01
-9.4500000000E-07,-1.666646E-01
-9.4400000000E-07,-2.499979E-01
-9.4300000000E-07,-2.916646E-01
-9.4200000000E-07,-4.166646E-01
-9.4100000000E-07,-2.916646E-01
-9.4000000000E-07,-2.499979E-01
-9.3900000000E-07,-2.499979E-01
-9.3800000000E-07,-3.333313E-01
-9.3700000000E-07,-2.499979E-01
-9.3600000000E-07,-2.499979E-01
-9.3500000000E-07,-2.499979E-01
-9.3400000000E-07,-2.499979E-01
-9.3300000000E-07,-2.499979E-01
-9.3200000000E-07,-3.333313E-01
-9.3100000000E-07,-2.083313E-01
-9.3000000000E-07,-3.333313E-01
-9.2900000000E-07,-2.916646E-01
-9.2800000000E-07,-4.999980E-01
-9.2700000000E-07,-2.916646E-01
-9.2600000000E-07,-3.333313E-01
-9.2500000000E-07,-2.499979E-01
-9.2400000000E-07,-1.249979E-01
-9.2300000000E-07,-2.083313E-01
-9.2200000000E-07,-2.083313E-01
-9.2100000000E-07,-2.083313E-01
-9.2000000000E-07,-1.249979E-01
-9.1900000000E-07,-2.499979E-01
-9.1800000000E-07,-2.083313E-01
-9.1700000000E-07,-2.083313E-01
-9.1600000000E-07,-1.249979E-01
-9.1500000000E-07,-1.666646E-01
-9.1400000000E-07,-3.749979E-01
-9.1300000000E-07,-5.416646E-01
-9.1200000000E-07,-2.083313E-01
-9.1100000000E-07,-3.333313E-01
-9.1000000000E-07,-2.083313E-01
-9.0900000000E-07,-1.666646E-01
-9.0800000000E-07,-2.916646E-01
-9.0700000000E-07,-2.916646E-01
-9.0600000000E-07,-2.499979E-01
-9.0500000000E-07,-2.083313E-01
-9.0400000000E-07,-2.916646E-01
-9.0300000000E-07,-4.166646E-01
-9.0200000000E-07,-4.583313E-01
-9.0100000000E-07,-3.749979E-01
-9.0000000000E-07,-2.916646E-01
-8.9900000000E-07,-4.166646E-01
-8.9800000000E-07,-2.916646E-01
-8.9700000000E-07,-4.583313E-01
-8.9600000000E-07,-4.999980E-01
-8.9500000000E-07,-2.499979E-01
-8.9400000000E-07,-2.083313E-01
-8.9300000000E-07,-3.749979E-01
-8.9200000000E-07,-2.916646E-01
-8.9100000000E-07,-4.166646E-01
-8.9000000000E-07,-3.749979E-01
-8.8900000000E-07,-1.666646E-01
-8.8800000000E-07,-2.916646E-01
-8.8700000000E-07,-2.083313E-01
-8.8600000000E-07,-3.333313E-01
-8.8500000000E-07,-3.749979E-01
-8.8400000000E-07,-3.333313E-01
-8.8300000000E-07,-6.249980E-01
-8.8200000000E-07,-4.583313E-01
-8.8100000000E-07,-2.916646E-01
-8.8000000000E-07,-1.874998E+00
-8.7900000000E-07,-9.916665E+00
-8.7800000000E-07,-3.108333E+01
-8.7700000000E-07,-4.716667E+01
-8.7600000000E-07,-6.170834E+01
-8.7500000000E-07,-6.104167E+01
-8.7400000000E-07,-5.033333E+01
-8.7300000000E-07,-4.879166E+01
-8.7200000000E-07,-4.787500E+01
-8.7100000000E-07,-4.704167E+01
-8.7000000000E-07,-4.754166E+01
-8.6900000000E-07,-4.770834E+01
-8.6800000000E-07,-4.720833E+01
-8.6700000000E-07,-4.733334E+01
-8.6600000000E-07,-4.670834E+01
-8.6500000000E-07,-4.637500E+01
-8.6400000000E-07,-4.737500E+01
-8.6300000000E-07,-4.704167E+01
-8.6200000000E-07,-4.741667E+01
-8.6100000000E-07,-4.758333E+01
-8.6000000000E-07,-4.704167E+01
-8.5900000000E-07,-4.745834E+01
-8.5800000000E-07,-4.733334E+01
-8.5700000000E-07,-4.745834E+01
-8.5600000000E-07,-4.766667E+01
-8.5500000000E-07,-4.720833E+01
-8.5400000000E-07,-4.758333E+01
-8.5300000000E-07,-4.766667E+01
-8.5200000000E-07,-4.745834E+01
-8.5100000000E-07,-4.741667E+01
-8.5000000000E-07,-4.737500E+01
-8.4900000000E-07,-4.737500E+01
-8.4800000000E-07,-4.745834E+01
-8.4700000000E-07,-4.729166E+01
-8.4600000000E-07,-4.733334E+01
-8.4500000000E-07,-4.745834E+01
-8.4400000000E-07,-4.737500E+01
-8.4300000000E-07,-4.750000E+01
-8.4200000000E-07,-4.741667E+01
-8.4100000000E-07,-4.741667E+01
-8.4000000000E-07,-4.745834E+01
-8.3900000000E-07,-4.729166E+01
-8.3800000000E-07,-4.737500E+01
-8.3700000000E-07,-4.758333E+01
-8.3600000000E-07,-4.745834E+01
-8.3500000000E-07,-4.754166E+01
-8.3400000000E-07,-4.725000E+01
-8.3300000000E-07,-4.737500E+01
-8.3200000000E-07,-4.737500E+01
-8.3100000000E-07,-4.750000E+01
-8.3000000000E-07,-4.754166E+01
-8.2900000000E-07,-4.745834E+01
-8.2800000000E-07,-4.750000E+01
-8.2700000000E-07,-4.758333E+01
-8.2600000000E-07,-4.775000E+01
-8.2500000000E-07,-4.770834E+01
-8.2400000000E-07,-4.737500E+01
-8.2300000000E-07,-4.750000E+01
-8.2200000000E-07,-4.745834E+01
-8.2100000000E-07,-4.775000E+01
-8.2000000000E-07,-4.758333E+01
-8.1900000000E-07,-4.762500E+01
-8.1800000000E-07,-4.758333E+01
-8.1700000000E-07,-4.775000E+01
-8.1600000000E-07,-4.775000E+01
-8.1500000000E-07,-4.750000E+01
-8.1400000000E-07,-4.737500E+01
-8.1300000000E-07,-4.741667E+01
-8.1200000000E-07,-4.745834E+01
-8.1100000000E-07,-4.770834E+01
-8.1000000000E-07,-4.750000E+01
-8.0900000000E-07,-4.754166E+01
-8.0800000000E-07,-4.754166E+01
-8.0700000000E-07,-4.766667E+01
-8.0600000000E-07,-4.754166E+01
-8.0500000000E-07,-4.750000E+01
-8.0400000000E-07,-4.758333E+01
-8.0300000000E-07,-4.754166E+01
-8.0200000000E-07,-4.766667E+01
-8.0100000000E-07,-4.754166E+01
-8.0000000000E-07,-4.741667E+01
-7.9900000000E-07,-4.754166E+01
-7.9800000000E-07,-4.762500E+01
-7.9700000000E-07,-4.750000E+01
-7.9600000000E-07,-4.762500E+01
-7.9500000000E-07,-4.762500E+01
-7.9400000000E-07,-4.770834E+01
-7.9300000000E-07,-4.750000E+01
-7.9200000000E-07,-4.758333E+01
-7.9100000000E-07,-4.762500E+01
-7.9000000000E-07,-4.766667E+01
-7.8900000000E-07,-4.745834E+01
-7.8800000000E-07,-4.750000E+01
-7.8700000000E-07,-4.750000E+01
-7.8600000000E-07,-4.766667E+01
-7.8500000000E-07,-4.762500E+01
-7.8400000000E-07,-4.750000E+01
-7.8300000000E-07,-4.775000E+01
-7.8200000000E-07,-4.745834E+01
-7.8100000000E-07,-4.762500E+01
-7.8000000000E-07,-4.758333E+01
-7.7900000000E-07,-4.766667E+01
-7.7800000000E-07,-4.754166E+01
-7.7700000000E-07,-4.758333E+01
-7.7600000000E-07,-4.750000E+01
-7.7500000000E-07,-4.754166E+01
-7.7400000000E-07,-4.754166E+01
-7.7300000000E-07,-4.775000E+01
-7.7200000000E-07,-4.775000E+01
-7.7100000000E-07,-4.783333E+01
-7.7000000000E-07,-4.762500E+01
-7.6900000000E-07,-4.787500E+01
-7.6800000000E-07,-4.791666E+01
-7.6700000000E-07,-4.787500E+01
-7.6600000000E-07,-4.766667E+01
-7.6500000000E-07,-4.775000E+01
-7.6400000000E-07,-4.766667E+01
-7.6300000000E-07,-4.758333E+01
-7.6200000000E-07,-4.750000E+01
-7.6100000000E-07,-4.737500E+01
-7.6000000000E-07,-4.745834E+01
-7.5900000000E-07,-4.750000E+01
-7.5800000000E-07,-4.754166E+01
-7.5700000000E-07,-4.754166E+01
-7.5600000000E-07,-4.770834E+01
-7.5500000000E-07,-4.766667E+01
-7.5400000000E-07,-4.754166E+01
-7.5300000000E-07,-4.770834E+01
-7.5200000000E-07,-4.750000E+01
-7.5100000000E-07,-4.779167E+01
-7.5000000000E-07,-4.770834E+01
-7.4900000000E-07,-4.754166E+01
-7.4800000000E-07,-4.800000E+01
-7.4700000000E-07,-4.795834E+01
-7.4600000000E-07,-4.729166E+01
-7.4500000000E-07,-4.750000E+01
-7.4400000000E-07,-4.800000E+01
-7.4300000000E-07,-4.766667E+01
-7.4200000000E-07,-4.745834E+01
-7.4100000000E-07,-4.770834E+01
-7.4000000000E-07,-4.791666E+01
-7.3900000000E-07,-4.750000E+01
-7.3800000000E-07,-4.741667E+01
-7.3700000000E-07,-4.783333E+01
-7.3600000000E-07,-4.775000E+01
-7.3500000000E-07,-4.745834E+01
-7.3400000000E-07,-4.758333E+01
-7.3300000000E-07,-4.775000E+01
-7.3200000000E-07,-4.775000E+01
-7.3100000000E-07,-4.766667E+01
-7.3000000000E-07,-4.783333E+01
-7.2900000000E-07,-4.795834E+01
-7.2800000000E-07,-4.754166E+01
-7.2700000000E-07,-4.754166E+01
-7.2600000000E-07,-4.779167E+01
-7.2500000000E-07,-4.783333E+01
-7.2400000000E-07,-4.766667E+01
-7.2300000000E-07,-4.787500E+01
-7.2200000000E-07,-4.779167E+01
-7.2100000000E-07,-4.762500E+01
-7.2000000000E-07,-4.762500E+01
-7.1900000000E-07,-4.762500E+01
-7.1800000000E-07,-4.758333E+01
-7.1700000000E-07,-4.762500E+01
-7.1600000000E-07,-4.766667E+01
-7.1500000000E-07,-4.787500E+01
-7.1400000000E-07,-4.762500E+01
-7.1300000000E-07,-4.770834E+01
-7.1200000000E-07,-4.795834E+01
-7.1100000000E-07,-4.770834E+01
-7.1000000000E-07,-4.758333E+01
-7.0900000000E-07,-4.770834E+01
-7.0800000000E-07,-4.779167E+01
-7.0700000000E-07,-4.775000E+01
-7.0600000000E-07,-4.770834E+01
-7.0500000000E-07,-4.770834E+01
-7.0400000000E-07,-4.779167E+01
-7.0300000000E-07,-4.783333E+01
-7.0200000000E-07,-4.783333E+01
-7.0100000000E-07,-4.795834E+01
-7.0000000000E-07,-4.775000E+01
-6.9900000000E-07,-4.775000E+01
-6.9800000000E-07,-4.750000E+01
-6.9700000000E-07,-4.766667E+01
-6.9600000000E-07,-4.770834E+01
-6.9500000000E-07,-4.783333E+01
-6.9400000000E-07,-4.783333E+01
-6.9300000000E-07,-4.766667E+01
-6.9200000000E-07,-4.762500E+01
-6.9100000000E-07,-4.783333E+01
-6.9000000000E-07,-4.791666E+01
-6.8900000000E-07,-4.795834E+01
-6.8800000000E-07,-4.758333E+01
-6.8700000000E-07,-4.770834E+01
-6.8600000000E-07,-4.787500E+01
-6.8500000000E-07,-4.783333E+01
-6.8400000000E-07,-4.770834E+01
-6.8300000000E-07,-4.775000E+01
-6.8200000000E-07,-4.770834E+01
-6.8100000000E-07,-4.775000E+01
-6.8000000000E-07,-4.770834E+01
-6.7900000000E-07,-4.779167E+01
-6.7800000000E-07,-4.775000E+01
-6.7700000000E-07,-4.787500E+01
-6.7600000000E-07,-4.791666E+01
-6.7500000000E-07,-4.783333E+01
-6.7400000000E-07,-4.779167E+01
-6.7300000000E-07,-4.766667E+01
-6.7200000000E-07,-4.775000E+01
-6.7100000000E-07,-4.783333E+01
-6.7000000000E-07,-4.779167E+01
-6.6900000000E-07,-4.787500E+01
-6.6800000000E-07,-4.787500E+01
-6.6700000000E-07,-4.783333E+01
-6.6600000000E-07,-4.758333E+01
-6.6500000000E-07,-4.766667E+01
-6.6400000000E-07,-4.770834E+01
-6.6300000000E-07,-4.779167E+01
-6.6200000000E-07,-4.783333E+01
-6.6100000000E-07,-4.766667E+01
-6.6000000000E-07,-4.770834E+01
-6.5900000000E-07,-4.775000E+01
-6.5800000000E-07,-4.750000E+01
-6.5700000000E-07,-4.758333E+01
-6.5600000000E-07,-4.775000E+01
-6.5500000000E-07,-4.783333E+01
-6.5400000000E-07,-4.766667E+01
-6.5300000000E-07,-4.762500E+01
-6.5200000000E-07,-4.770834E+01
-6.5100000000E-07,-4.779167E+01
-6.5000000000E-07,-4.775000E+01
-6.4900000000E-07,-4.766667E+01
-6.4800000000E-07,-4.766667E+01
-6.4700000000E-07,-4.775000E+01
-6.4600000000E-07,-4.766667E+01
-6.4500000000E-07,-4.770834E+01
-6.4400000000E-07,-4.758333E+01
-6.4300000000E-07,-4.758333E+01
-6.4200000000E-07,-4.762500E+01
-6.4100000000E-07,-4.770834E+01
-6.4000000000E-07,-4.745834E+01
-6.3900000000E-07,-4.770834E+01
-6.3800000000E-07,-4.758333E+01
-6.3700000000E-07,-4.766667E+01
-6.3600000000E-07,-4.783333E+01
-6.3500000000E-07,-4.754166E+01
-6.3400000000E-07,-4.758333E+01
-6.3300000000E-07,-4.775000E+01
-6.3200000000E-07,-4.766667E+01
-6.3100000000E-07,-4.750000E+01
-6.3000000000E-07,-4.762500E+01
-6.2900000000E-07,-4.770834E+01
-6.2800000000E-07,-4.758333E+01
-6.2700000000E-07,-4.754166E+01
-6.2600000000E-07,-4.750000E+01
-6.2500000000E-07,-4.829167E+01
-6.2400000000E-07,-4.708334E+01
-6.2300000000E-07,-4.775000E+01
-6.2200000000E-07,-4.787500E+01
-6.2100000000E-07,-4.700000E+01
-6.2000000000E-07,-4.795834E+01
-6.1900000000E-07,-4.754166E+01
-6.1800000000E-07,-4.762500E+01
-6.1700000000E-07,-4.804167E+01
-6.1600000000E-07,-4.741667E+01
-6.1500000000E-07,-4.791666E+01
-6.1400000000E-07,-4.745834E+01
-6.1300000000E-07,-4.758333E+01
-6.1200000000E-07,-4.775000E+01
-6.1100000000E-07,-4.741667E+01
-6.1000000000E-07,-4.766667E+01
-6.0900000000E-07,-4.762500E+01
-6.0800000000E-07,-4.750000E+01
-6.0700000000E-07,-4.750000E+01
-6.0600000000E-07,-4.758333E+01
-6.0500000000E-07,-4.779167E+01
-6.0400000000E-07,-4.737500E+01
-6.0300000000E-07,-4.733334E+01
-6.0200000000E-07,-4.754166E+01
-6.0100000000E-07,-4.758333E+01
-6.0000000000E-07,-4.758333E+01
-5.9900000000E-07,-4.741667E+01
-5.9800000000E-07,-4.737500E+01
-5.9700000000E-07,-4.741667E+01
-5.9600000000E-07,-4.758333E+01
-5.9500000000E-07,-4.758333E+01
-5.9400000000E-07,-4.766667E+01
-5.9300000000E-07,-4.750000E+01
-5.9200000000E-07,-4.750000E+01
-5.9100000000E-07,-4.779167E+01
-5.9000000000E-07,-4.758333E+01
-5.8900000000E-07,-4.762500E+01
-5.8800000000E-07,-4.733334E+01
-5.8700000000E-07,-4.745834E+01
-5.8600000000E-07,-4.737500E+01
-5.8500000000E-07,-4.758333E+01
-5.8400000000E-07,-4.745834E+01
-5.8300000000E-07,-4.741667E+01
-5.8200000000E-07,-4.741667E+01
-5.8100000000E-07,-4.745834E+01
-5.8000000000E-07,-4.745834E+01
-5.7900000000E-07,-4.745834E+01
-5.7800000000E-07,-4.745834E+01
-5.7700000000E-07,-4.745834E+01
-5.7600000000E-07,-4.741667E+01
-5.7500000000E-07,-4.729166E+01
-5.7400000000E-07,-4.741667E+01
-5.7300000000E-07,-4.741667E+01
-5.7200000000E-07,-4.741667E+01
-5.7100000000E-07,-4.741667E+01
-5.7000000000E-07,-4.750000E+01
-5.6900000000E-07,-4.758333E+01
-5.6800000000E-07,-4.745834E+01
-5.6700000000E-07,-4.741667E+01
-5.6600000000E-07,-4.737500E+01
-5.6500000000E-07,-4.733334E+01
-5.6400000000E-07,-4.737500E+01
-5.6300000000E-07,-4.750000E+01
-5.6200000000E-07,-4.770834E+01
-5.6100000000E-07,-4.750000E+01
-5.6000000000E-07,-4.754166E+01
-5.5900000000E-07,-4.754166E+01
-5.5800000000E-07,-4.745834E+01
-5.5700000000E-07,-4.741667E+01
-5.5600000000E-07,-4.762500E+01
-5.5500000000E-07,-4.758333E+01
-5.5400000000E-07,-4.762500E+01
-5.5300000000E-07,-4.766667E+01
-5.5200000000E-07,-4.762500E+01
-5.5100000000E-07,-4.745834E+01
-5.5000000000E-07,-4.741667E+01
-5.4900000000E-07,-4.754166E+01
-5.4800000000E-07,-4.754166E+01
-5.4700000000E-07,-4.737500E+01
-5.4600000000E-07,-4.737500E+01
-5.4500000000E-07,-4.750000E+01
-5.4400000000E-07,-4.737500E+01
-5.4300000000E-07,-4.758333E+01
-5.4200000000E-07,-4.758333E+01
-5.4100000000E-07,-4.762500E+01
-5.4000000000E-07,-4.750000E+01
-5.3900000000E-07,-4.758333E+01
-5.3800000000E-07,-4.758333E+01
-5.3700000000E-07,-4.737500E+01
-5.3600000000E-07,-4.737500E+01
-5.3500000000E-07,-4.741667E+01
-5.3400000000E-07,-4.750000E+01
-5.3300000000E-07,-4.766667E+01
-5.3200000000E-07,-4.733334E+01
-5.3100000000E-07,-4.754166E+01
-5.3000000000E-07,-4.754166E+01
-5.2900000000E-07,-4.750000E+01
-5.2800000000E-07,-4.733334E+01
-5.2700000000E-07,-4.737500E+01
-5.2600000000E-07,-4.729166E+01
-5.2500000000E-07,-4.754166E+01
-5.2400000000E-07,-4.766667E+01
-5.2300000000E-07,-4.741667E+01
-5.2200000000E-07,-4.745834E+01
-5.2100000000E-07,-4.729166E+01
-5.2000000000E-07,-4.737500E+01
-5.1900000000E-07,-4.725000E+01
-5.1800000000E-07,-4.733334E+01
-5.1700000000E-07,-4.733334E+01
-5.1600000000E-07,-4.741667E+01
-5.1500000000E-07,-4.750000E+01
-5.1400000000E-07,-4.745834E+01
-5.1300000000E-07,-4.737500E+01
-5.1200000000E-07,-4.733334E+01
-5.1100000000E-07,-4.733334E+01
-5.1000000000E-07,-4.733334E+01
-5.0900000000E-07,-4.741667E+01
-5.0800000000E-07,-4.745834E+01
-5.0700000000E-07,-4.725000E+01
-5.0600000000E-07,-4.712500E+01
-5.0500000000E-07,-4.729166E+01
-5.0400000000E-07,-4.641667E+01
-5.0300000000E-07,-4.050000E+01
-5.0200000000E-07,-2.195833E+01
-5.0100000000E-07,+1.291669E+00
-5.0000000000E-07,+1.387500E+01
-4.9900000000E-07,+1.041667E+01
-4.9800000000E-07,+3.333335E+00
-4.9700000000E-07,+7.083355E-01
-4.9600000000E-07,-5.416646E-01
-4.9500000000E-07,-1.458331E+00
-4.9400000000E-07,-1.708331E+00
-4.9300000000E-07,-1.458331E+00
-4.9200000000E-07,-9.583313E-01
-4.9100000000E-07,-9.166646E-01
-4.9000000000E-07,-9.999980E-01
-4.8900000000E-07,-1.166665E+00
-4.8800000000E-07,-1.208331E+00
-4.8700000000E-07,-9.166646E-01
-4.8600000000E-07,-5.833313E-01
-4.8500000000E-07,-6.249980E-01
-4.8400000000E-07,-4.999980E-01
-4.8300000000E-07,-4.166646E-01
-4.8200000000E-07,-3.749979E-01
-4.8100000000E-07,-5.833313E-01
-4.8000000000E-07,-4.166646E-01
-4.7900000000E-07,-3.333313E-01
-4.7800000000E-07,-2.916646E-01
-4.7700000000E-07,-3.749979E-01
-4.7600000000E-07,-3.749979E-01
-4.7500000000E-07,-3.749979E-01
-4.7400000000E-07,-4.166646E-01
-4.7300000000E-07,-2.083313E-01
-4.7200000000E-07,-1.249979E-01
-4.7100000000E-07,-2.916646E-01
-4.7000000000E-07,-2.916646E-01
-4.6900000000E-07,-3.333313E-01
-4.6800000000E-07,-2.499979E-01
-4.6700000000E-07,-1.666646E-01
-4.6600000000E-07,-1.666646E-01
-4.6500000000E-07,-2.499979E-01
-4.6400000000E-07,-2.916646E-01
-4.6300000000E-07,-3.333313E-01
-4.6200000000E-07,-5.416646E-01
-4.6100000000E-07,-4.166646E-01
-4.6000000000E-07,-2.916646E-01
-4.5900000000E-07,-1.666646E-01
-4.5800000000E-07,-2.499979E-01
-4.5700000000E-07,-1.666646E-01
-4.5600000000E-07,-2.916646E-01
-4.5500000000E-07,-2.499979E-01
-4.5400000000E-07,-1.666646E-01
-4.5300000000E-07,-4.583313E-01
-4.5200000000E-07,-5.833313E-01
-4.5100000000E-07,-3.749979E-01
-4.5000000000E-07,-1.249979E-01
-4.4900000000E-07,-1.249979E-01
-4.4800000000E-07,-2.499979E-01
-4.4700000000E-07,-3.333313E-01
-4.4600000000E-07,-2.916646E-01
-4.4500000000E-07,-2.916646E-01
-4.4400000000E-07,-4.166646E-01
-4.4300000000E-07,-2.916646E-01
-4.4200000000E-07,-3.333313E-01
-4.4100000000E-07,-1.666646E-01
-4.4000000000E-07,-2.916646E-01
-4.3900000000E-07,-4.583313E-01
-4.3800000000E-07,-4.583313E-01
-4.3700000000E-07,-3.333313E-01
-4.3600000000E-07,-2.499979E-01
-4.3500000000E-07,-2.083313E-01
-4.3400000000E-07,-2.083313E-01
-4.3300000000E-07,-3.333313E-01
-4.3200000000E-07,-4.999980E-01
-4.3100000000E-07,-3.333313E-01
-4.3000000000E-07,-4.166646E-01
-4.2900000000E-07,-2.083313E-01
-4.2800000000E-07,-2.083313E-01
-4.2700000000E-07,-2.499979E-01
-4.2600000000E-07,-2.916646E-01
-4.2500000000E-07,-2.499979E-01
-4.2400000000E-07,-2.499979E-01
-4.2300000000E-07,-3.333313E-01
-4.2200000000E-07,-3.333313E-01
-4.2100000000E-07,-2.916646E-01
-4.2000000000E-07,-3.749979E-01
-4.1900000000E-07,-4.166646E-01
-4.1800000000E-07,-3.749979E-01
-4.1700000000E-07,-2.499979E-01
-4.1600000000E-07,-2.499979E-01
-4.1500000000E-07,-2.916646E-01
-4.1400000000E-07,-2.083313E-01
-4.1300000000E-07,-2.916646E-01
-4.1200000000E-07,-3.749979E-01
-4.1100000000E-07,-2.916646E-01
-4.1000000000E-07,-8.333125E-02
-4.0900000000E-07,-2.499979E-01
-4.0800000000E-07,-2.499979E-01
-4.0700000000E-07,-4.166646E-01
-4.0600000000E-07,-1.666646E-01
-4.0500000000E-07,-2.083313E-01
-4.0400000000E-07,-2.499979E-01
-4.0300000000E-07,-4.166646E-01
-4.0200000000E-07,-4.583313E-01
-4.0100000000E-07,-3.749979E-01
-4.0000000000E-07,-3.333313E-01
-3.9900000000E-07,-5.416646E-01
-3.9800000000E-07,-4.583313E-01
-3.9700000000E-07,-3.333313E-01
-3.9600000000E-07,-4.166646E-01
-3.9500000000E-07,-3.749979E-01
-3.9400000000E-07,-3.749979E-01
-3.9300000000E-07,-4.999980E-01
-3.9200000000E-07,-4.166646E-01
-3.9100000000E-07,-4.999980E-01
-3.9000000000E-07,-4.999980E-01
-3.8900000000E-07,-3.749979E-01
-3.8800000000E-07,-3.749979E-01
-3.8700000000E-07,-3.749979E-01
-3.8600000000E-07,-3.333313E-01
-3.8500000000E-07,-2.499979E-01
-3.8400000000E-07,-2.916646E-01
-3.8300000000E-07,-3.333313E-01
-3.8200000000E-07,-3.749979E-01
-3.8100000000E-07,-4.999980E-01
-3.8000000000E-07,-4.166646E-01
-3.7900000000E-07,-7.083313E-01
-3.7800000000E-07,-3.916665E+00
-3.7700000000E-07,-1.791666E+01
-3.7600000000E-07,-3.870834E+01
-3.7500000000E-07,-5.341667E+01
-3.7400000000E-07,-6.454167E+01
-3.7300000000E-07,-5.616667E+01
-3.7200000000E-07,-4.887500E+01
-3.7100000000E-07,-4.875000E+01
-3.7000000000E-07,-4.716667E+01
-3.6900000000E-07,-4.720833E+01
-3.6800000000E-07,-4.783333E+01
-3.6700000000E-07,-4.750000E+01
-3.6600000000E-07,-4.725000E+01
-3.6500000000E-07,-4.741667E+01
-3.6400000000E-07,-4.633333E+01
-3.6300000000E-07,-4.695833E+01
-3.6200000000E-07,-4.745834E+01
-3.6100000000E-07,-4.704167E+01
-3.6000000000E-07,-4.770834E+01
-3.5900000000E-07,-4.733334E+01
-3.5800000000E-07,-4.720833E+01
-3.5700000000E-07,-4.758333E+01
-3.5600000000E-07,-4.733334E+01
-3.5500000000E-07,-4.750000E+01
-3.5400000000E-07,-4.750000E+01
-3.5300000000E-07,-4.737500E+01
-3.5200000000E-07,-4.754166E+01
-3.5100000000E-07,-4.745834E+01
-3.5000000000E-07,-4.733334E+01
-3.4900000000E-07,-4.750000E+01
-3.4800000000E-07,-4.754166E+01
-3.4700000000E-07,-4.745834E+01
-3.4600000000E-07,-4.745834E+01
-3.4500000000E-07,-4.745834E+01
-3.4400000000E-07,-4.745834E+01
-3.4300000000E-07,-4.741667E+01
-3.4200000000E-07,-4.729166E+01
-3.4100000000E-07,-4.725000E+01
-3.4000000000E-07,-4.725000E+01
-3.3900000000E-07,-4.725000E+01
-3.3800000000E-07,-4.737500E+01
-3.3700000000E-07,-4.737500E+01
-3.3600000000E-07,-4.725000E+01
-3.3500000000E-07,-4.737500E+01
-3.3400000000E-07,-4.745834E+01
-3.3300000000E-07,-4.741667E+01
-3.3200000000E-07,-4.737500E+01
-3.3100000000E-07,-4.733334E+01
-3.3000000000E-07,-4.758333E+01
-3.2900000000E-07,-4.758333E+01
-3.2800000000E-07,-4.733334E+01
-3.2700000000E-07,-4.754166E+01
-3.2600000000E-07,-4.745834E+01
-3.2500000000E-07,-4.758333E+01
-3.2400000000E-07,-4.750000E+01
-3.2300000000E-07,-4.745834E+01
-3.2200000000E-07,-4.758333E+01
-3.2100000000E-07,-4.766667E+01
-3.2000000000E-07,-4.770834E+01
-3.1900000000E-07,-4.762500E+01
-3.1800000000E-07,-4.770834E+01
-3.1700000000E-07,-4.754166E+01
-3.1600000000E-07,-4.770834E+01
-3.1500000000E-07,-4.754166E+01
-3.1400000000E-07,-4.750000E+01
-3.1300000000E-07,-4.754166E+01
-3.1200000000E-07,-4.745834E+01
-3.1100000000E-07,-4.754166E+01
-3.1000000000E-07,-4.754166E+01
-3.0900000000E-07,-4.762500E+01
-3.0800000000E-07,-4.762500E+01
-3.0700000000E-07,-4.766667E+01
-3.0600000000E-07,-4.758333E+01
-3.0500000000E-07,-4.737500E+01
-3.0400000000E-07,-4.758333E+01
-3.0300000000E-07,-4.762500E+01
-3.0200000000E-07,-4.770834E+01
-3.0100000000E-07,-4.770834E+01
-3.0000000000E-07,-4.741667E+01
-2.9900000000E-07,-4.745834E+01
-2.9800000000E-07,-4.737500E+01
-2.9700000000E-07,-4.745834E+01
-2.9600000000E-07,-4.770834E+01
-2.9500000000E-07,-4.775000E+01
-2.9400000000E-07,-4.758333E+01
-2.9300000000E-07,-4.745834E+01
-2.9200000000E-07,-4.745834E+01
-2.9100000000E-07,-4.762500E+01
-2.9000000000E-07,-4.754166E+01
-2.8900000000E-07,-4.754166E+01
-2.8800000000E-07,-4.737500E+01
-2.8700000000E-07,-4.750000E+01
-2.8600000000E-07,-4.762500E+01
-2.8500000000E-07,-4.750000E+01
-2.8400000000E-07,-4.741667E+01
-2.8300000000E-07,-4.745834E+01
-2.8200000000E-07,-4.745834E+01
-2.8100000000E-07,-4.745834E+01
-2.8000000000E-07,-4.758333E+01
-2.7900000000E-07,-4.766667E+01
-2.7800000000E-07,-4.762500E+01
-2.7700000000E-07,-4.762500E+01
-2.7600000000E-07,-4.754166E+01
-2.7500000000E-07,-4.762500E+01
-2.7400000000E-07,-4.758333E+01
-2.7300000000E-07,-4.758333E+01
-2.7200000000E-07,-4.754166E+01
-2.7100000000E-07,-4.750000E+01
-2.7000000000E-07,-4.766667E+01
-2.6900000000E-07,-4.762500E+01
-2.6800000000E-07,-4.745834E+01
-2.6700000000E-07,-4.783333E+01
-2.6600000000E-07,-4.775000E+01
-2.6500000000E-07,-4.770834E+01
-2.6400000000E-07,-4.766667E+01
-2.6300000000E-07,-4.766667E+01
-2.6200000000E-07,-4.762500E+01
-2.6100000000E-07,-4.762500E+01
-2.6000000000E-07,-4.745834E+01
-2.5900000000E-07,-4.758333E+01
-2.5800000000E-07,-4.762500E+01
-2.5700000000E-07,-4.762500E+01
-2.5600000000E-07,-4.758333E+01
-2.5500000000E-07,-4.770834E+01
-2.5400000000E-07,-4.766667E+01
-2.5300000000E-07,-4.783333E+01
-2.5200000000E-07,-4.783333E+01
-2.5100000000E-07,-4.766667E+01
-2.5000000000E-07,-4.766667E+01
-2.4900000000E-07,-4.762500E+01
-2.4800000000E-07,-4.750000E+01
-2.4700000000E-07,-4.750000E+01
-2.4600000000E-07,-4.783333E+01
-2.4500000000E-07,-4.762500E+01
-2.4400000000E-07,-4.754166E+01
-2.4300000000E-07,-4.804167E+01
-2.4200000000E-07,-4.791666E+01
-2.4100000000E-07,-4.762500E+01
-2.4000000000E-07,-4.741667E+01
-2.3900000000E-07,-4.770834E+01
-2.3800000000E-07,-4.783333E+01
-2.3700000000E-07,-4.741667E+01
-2.3600000000E-07,-4.766667E+01
-2.3500000000E-07,-4.775000E+01
-2.3400000000E-07,-4.745834E+01
-2.3300000000E-07,-4.758333E+01
-2.3200000000E-07,-4.795834E+01
-2.3100000000E-07,-4.800000E+01
-2.3000000000E-07,-4.775000E+01
-2.2900000000E-07,-4.766667E+01
-2.2800000000E-07,-4.783333E+01
-2.2700000000E-07,-4.762500E+01
-2.2600000000E-07,-4.766667E+01
-2.2500000000E-07,-4.779167E+01
-2.2400000000E-07,-4.787500E+01
-2.2300000000E-07,-4.779167E+01
-2.2200000000E-07,-4.741667E+01
-2.2100000000E-07,-4.758333E+01
-2.2000000000E-07,-4.775000E+01
-2.1900000000E-07,-4.762500E+01
-2.1800000000E-07,-4.766667E+01
-2.1700000000E-07,-4.775000E+01
-2.1600000000E-07,-4.791666E+01
-2.1500000000E-07,-4.770834E+01
-2.1400000000E-07,-4.766667E+01
-2.1300000000E-07,-4.766667E+01
-2.1200000000E-07,-4.754166E+01
-2.1100000000E-07,-4.758333E+01
-2.1000000000E-07,-4.775000E+01
-2.0900000000E-07,-4.775000E+01
-2.0800000000E-07,-4.762500E+01
-2.0700000000E-07,-4.766667E+01
-2.0600000000E-07,-4.775000E+01
-2.0500000000E-07,-4.787500E+01
-2.0400000000E-07,-4.766667E+01
-2.0300000000E-07,-4.795834E+01
-2.0200000000E-07,-4.770834E+01
-2.0100000000E-07,-4.762500E+01
-2.0000000000E-07,-4.783333E+01
-1.9900000000E-07,-4.779167E+01
-1.9800000000E-07,-4.775000E+01
-1.9700000000E-07,-4.766667E+01
-1.9600000000E-07,-4.762500E+01
-1.9500000000E-07,-4.775000E+01
-1.9400000000E-07,-4.770834E+01
-1.9300000000E-07,-4.795834E+01
-1.9200000000E-07,-4.783333E+01
-1.9100000000E-07,-4.775000E+01
-1.9000000000E-07,-4.762500E+01
-1.8900000000E-07,-4.766667E+01
-1.8800000000E-07,-4.775000E+01
-1.8700000000E-07,-4.770834E+01
-1.8600000000E-07,-4.783333E+01
-1.8500000000E-07,-4.795834E+01
-1.8400000000E-07,-4.779167E+01
-1.8300000000E-07,-4.779167E+01
-1.8200000000E-07,-4.766667E+01
-1.8100000000E-07,-4.762500E+01
-1.8000000000E-07,-4.791666E+01
-1.7900000000E-07,-4.795834E+01
-1.7800000000E-07,-4.779167E+01
-1.7700000000E-07,-4.770834E+01
-1.7600000000E-07,-4.779167E+01
-1.7500000000E-07,-4.754166E+01
-1.7400000000E-07,-4.770834E+01
-1.7300000000E-07,-4.775000E+01
-1.7200000000E-07,-4.779167E+01
-1.7100000000E-07,-4.783333E+01
-1.7000000000E-07,-4.775000E+01
-1.6900000000E-07,-4.775000E+01
-1.6800000000E-07,-4.783333E+01
-1.6700000000E-07,-4.783333E+01
-1.6600000000E-07,-4.787500E+01
-1.6500000000E-07,-4.779167E+01
-1.6400000000E-07,-4.770834E+01
-1.6300000000E-07,-4.770834E+01
-1.6200000000E-07,-4.766667E+01
-1.6100000000E-07,-4.766667E+01
-1.6000000000E-07,-4.787500E+01
-1.5900000000E-07,-4.766667E+01
-1.5800000000E-07,-4.779167E+01
-1.5700000000E-07,-4.783333E+01
-1.5600000000E-07,-4.766667E+01
-1.5500000000E-07,-4.770834E+01
-1.5400000000E-07,-4.758333E+01
-1.5300000000E-07,-4.754166E+01
-1.5200000000E-07,-4.762500E+01
-1.5100000000E-07,-4.775000E+01
-1.5000000000E-07,-4.783333E+01
-1.4900000000E-07,-4.770834E+01
-1.4800000000E-07,-4.766667E+01
-1.4700000000E-07,-4.758333E+01
-1.4600000000E-07,-4.758333E+01
-1.4500000000E-07,-4.762500E+01
-1.4400000000E-07,-4.766667E+01
-1.4300000000E-07,-4.783333E+01
-1.4200000000E-07,-4.795834E+01
-1.4100000000E-07,-4.754166E+01
-1.4000000000E-07,-4.750000E+01
-1.3900000000E-07,-4.779167E+01
-1.3800000000E-07,-4.779167E+01
-1.3700000000E-07,-4.745834E+01
-1.3600000000E-07,-4.754166E+01
-1.3500000000E-07,-4.758333E+01
-1.3400000000E-07,-4.758333E+01
-1.3300000000E-07,-4.775000E+01
-1.3200000000E-07,-4.766667E+01
-1.3100000000E-07,-4.770834E+01
-1.3000000000E-07,-4.762500E+01
-1.2900000000E-07,-4.775000E+01
-1.2800000000E-07,-4.758333E+01
-1.2700000000E-07,-4.758333E+01
-1.2600000000E-07,-4.762500E+01
-1.2500000000E-07,-4.737500E+01
-1.2400000000E-07,-4.795834E+01
-1.2300000000E-07,-4.750000E+01
-1.2200000000E-07,-4.695833E+01
-1.2100000000E-07,-4.845833E+01
-1.2000000000E-07,-4.716667E+01
-1.1900000000E-07,-4.762500E+01
-1.1800000000E-07,-4.775000E+01
-1.1700000000E-07,-4.729166E+01
-1.1600000000E-07,-4.787500E+01
-1.1500000000E-07,-4.733334E+01
-1.1400000000E-07,-4.750000E+01
-1.1300000000E-07,-4.762500E+01
-1.1200000000E-07,-4.741667E+01
-1.1100000000E-07,-4.775000E+01
-1.1000000000E-07,-4.745834E+01
-1.0900000000E-07,-4.758333E+01
-1.0800000000E-07,-4.741667E+01
-1.0700000000E-07,-4.733334E+01
-1.0600000000E-07,-4.762500E+01
-1.0500000000E-07,-4.741667E+01
-1.0400000000E-07,-4.758333E+01
-1.0300000000E-07,-4.745834E+01
-1.0200000000E-07,-4.754166E+01
-1.0100000000E-07,-4.770834E+01
-1.0000000000E-07,-4.766667E+01
-9.9000000000E-08,-4.750000E+01
-9.8000000000E-08,-4.762500E+01
-9.7000000000E-08,-4.750000E+01
-9.6000000000E-08,-4.762500E+01
-9.5000000000E-08,-4.754166E+01
-9.4000000000E-08,-4.750000E+01
-9.3000000000E-08,-4.770834E+01
-9.2000000000E-08,-4.754166E+01
-9.1000000000E-08,-4.750000E+01
-9.0000000000E-08,-4.754166E+01
-8.9000000000E-08,-4.754166E+01
-8.8000000000E-08,-4.745834E+01
-8.7000000000E-08,-4.733334E+01
-8.6000000000E-08,-4.758333E+01
-8.5000000000E-08,-4.745834E+01
-8.4000000000E-08,-4.745834E+01
-8.3000000000E-08,-4.750000E+01
-8.2000000000E-08,-4.750000E+01
-8.1000000000E-08,-4.750000E+01
-8.0000000000E-08,-4.741667E+01
-7.9000000000E-08,-4.754166E+01
-7.8000000000E-08,-4.737500E+01
-7.7000000000E-08,-4.733334E+01
-7.6000000000E-08,-4.745834E+01
-7.5000000000E-08,-4.733334E+01
-7.4000000000E-08,-4.737500E+01
-7.3000000000E-08,-4.729166E+01
-7.2000000000E-08,-4.754166E+01
-7.1000000000E-08,-4.737500E+01
-7.0000000000E-08,-4.737500E+01
-6.9000000000E-08,-4.737500E+01
-6.8000000000E-08,-4.741667E+01
-6.7000000000E-08,-4.754166E+01
-6.6000000000E-08,-4.758333E+01
-6.5000000000E-08,-4.750000E+01
-6.4000000000E-08,-4.750000E+01
-6.3000000000E-08,-4.741667E+01
-6.2000000000E-08,-4.766667E+01
-6.1000000000E-08,-4.762500E+01
-6.0000000000E-08,-4.745834E+01
-5.9000000000E-08,-4.758333E+01
-5.8000000000E-08,-4.758333E+01
-5.7000000000E-08,-4.741667E+01
-5.6000000000E-08,-4.758333E+01
-5.5000000000E-08,-4.750000E+01
-5.4000000000E-08,-4.758333E+01
-5.3000000000E-08,-4.745834E+01
-5.2000000000E-08,-4.758333E+01
-5.1000000000E-08,-4.758333E+01
-5.0000000000E-08,-4.737500E+01
-4.9000000000E-08,-4.754166E+01
-4.8000000000E-08,-4.758333E+01
-4.7000000000E-08,-4.737500E+01
-4.6000000000E-08,-4.745834E+01
-4.5000000000E-08,-4.741667E+01
-4.4000000000E-08,-4.758333E+01
-4.3000000000E-08,-4.741667E+01
-4.2000000000E-08,-4.758333E+01
-4.1000000000E-08,-4.762500E+01
-4.0000000000E-08,-4.750000E+01
-3.9000000000E-08,-4.745834E+01
-3.8000000000E-08,-4.737500E+01
-3.7000000000E-08,-4.741667E+01
-3.6000000000E-08,-4.754166E+01
-3.5000000000E-08,-4.745834E+01
-3.4000000000E-08,-4.745834E+01
-3.3000000000E-08,-4.737500E+01
-3.2000000000E-08,-4.750000E+01
-3.1000000000E-08,-4.758333E+01
-3.0000000000E-08,-4.741667E+01
-2.9000000000E-08,-4.725000E+01
-2.8000000000E-08,-4.729166E+01
-2.7000000000E-08,-4.737500E+01
-2.6000000000E-08,-4.741667E+01
-2.5000000000E-08,-4.720833E+01
-2.4000000000E-08,-4.729166E+01
-2.3000000000E-08,-4.733334E+01
-2.2000000000E-08,-4.720833E+01
-2.1000000000E-08,-4.716667E+01
-2.0000000000E-08,-4.745834E+01
-1.9000000000E-08,-4.758333E+01
-1.8000000000E-08,-4.758333E+01
-1.7000000000E-08,-4.762500E+01
-1.6000000000E-08,-4.741667E+01
-1.5000000000E-08,-4.741667E+01
-1.4000000000E-08,-4.737500E+01
-1.3000000000E-08,-4.737500E+01
-1.2000000000E-08,-4.729166E+01
-1.1000000000E-08,-4.725000E+01
-1.0000000000E-08,-4.737500E+01
-9.0000000000E-09,-4.720833E+01
-8.0000000000E-09,-4.741667E+01
-7.0000000000E-09,-4.754166E+01
-6.0000000000E-09,-4.754166E+01
-5.0000000000E-09,-4.720833E+01
-4.0000000000E-09,-4.733334E+01
-3.0000000000E-09,-4.695833E+01
-2.0000000000E-09,-4.404167E+01
-1.0000000000E-09,-3.116667E+01
+0.0000000000E+00,-7.791665E+00
+1.0000000000E-09,+1.075000E+01
+2.0000000000E-09,+1.325000E+01
+3.0000000000E-09,+6.000003E+00
+4.0000000000E-09,+1.541669E+00
+5.0000000000E-09,+1.250021E-01
+6.0000000000E-09,-1.083331E+00
+7.0000000000E-09,-1.541665E+00
+8.0000000000E-09,-1.083331E+00
+9.0000000000E-09,-6.249980E-01
+1.0000000000E-08,-5.833313E-01
+1.1000000000E-08,-7.499980E-01
+1.2000000000E-08,-1.083331E+00
+1.3000000000E-08,-1.249998E+00
+1.4000000000E-08,-9.583313E-01
+1.5000000000E-08,-5.416646E-01
+1.6000000000E-08,-7.499980E-01
+1.7000000000E-08,-5.833313E-01
+1.8000000000E-08,-4.166646E-01
+1.9000000000E-08,-2.916646E-01
+2.0000000000E-08,-6.666646E-01
+2.1000000000E-08,-5.416646E-01
+2.2000000000E-08,-2.916646E-01
+2.3000000000E-08,-4.999980E-01
+2.4000000000E-08,-4.999980E-01
+2.5000000000E-08,-3.333313E-01
+2.6000000000E-08,-2.083313E-01
+2.7000000000E-08,-3.333313E-01
+2.8000000000E-08,-3.333313E-01
+2.9000000000E-08,-2.499979E-01
+3.0000000000E-08,-4.166646E-01
+3.1000000000E-08,-3.333313E-01
+3.2000000000E-08,-4.583313E-01
+3.3000000000E-08,-3.749979E-01
+3.4000000000E-08,-3.749979E-01
+3.5000000000E-08,-2.499979E-01
+3.6000000000E-08,-3.749979E-01
+3.7000000000E-08,-2.916646E-01
+3.8000000000E-08,-4.583313E-01
+3.9000000000E-08,-2.916646E-01
+4.0000000000E-08,-3.333313E-01
+4.1000000000E-08,-4.166646E-01
+4.2000000000E-08,-5.416646E-01
+4.3000000000E-08,-2.499979E-01
+4.4000000000E-08,-4.166646E-01
+4.5000000000E-08,-3.749979E-01
+4.6000000000E-08,-4.166646E-01
+4.7000000000E-08,-2.916646E-01
+4.8000000000E-08,-4.583313E-01
+4.9000000000E-08,-3.333313E-01
+5.0000000000E-08,-4.583313E-01
+5.1000000000E-08,-2.916646E-01
+5.2000000000E-08,-3.749979E-01
+5.3000000000E-08,-4.583313E-01
+5.4000000000E-08,-4.583313E-01
+5.5000000000E-08,-2.916646E-01
+5.6000000000E-08,-1.666646E-01
+5.7000000000E-08,-1.666646E-01
+5.8000000000E-08,-3.333313E-01
+5.9000000000E-08,-4.166646E-01
+6.0000000000E-08,-3.333313E-01
+6.1000000000E-08,-4.999980E-01
+6.2000000000E-08,-5.833313E-01
+6.3000000000E-08,-5.416646E-01
+6.4000000000E-08,-4.166646E-01
+6.5000000000E-08,-3.749979E-01
+6.6000000000E-08,-2.083313E-01
+6.7000000000E-08,-4.166646E-01
+6.8000000000E-08,-3.333313E-01
+6.9000000000E-08,-2.083313E-01
+7.0000000000E-08,-2.499979E-01
+7.1000000000E-08,-3.333313E-01
+7.2000000000E-08,-2.499979E-01
+7.3000000000E-08,-3.333313E-01
+7.4000000000E-08,-2.499979E-01
+7.5000000000E-08,-2.916646E-01
+7.6000000000E-08,-3.749979E-01
+7.7000000000E-08,-3.749979E-01
+7.8000000000E-08,-5.416646E-01
+7.9000000000E-08,-2.499979E-01
+8.0000000000E-08,-2.083313E-01
+8.1000000000E-08,-2.499979E-01
+8.2000000000E-08,-4.999980E-01
+8.3000000000E-08,-3.749979E-01
+8.4000000000E-08,-2.916646E-01
+8.5000000000E-08,-2.499979E-01
+8.6000000000E-08,-3.749979E-01
+8.7000000000E-08,-4.166646E-01
+8.8000000000E-08,-4.166646E-01
+8.9000000000E-08,-3.333313E-01
+9.0000000000E-08,-4.999980E-01
+9.1000000000E-08,-3.749979E-01
+9.2000000000E-08,-2.916646E-01
+9.3000000000E-08,-2.916646E-01
+9.4000000000E-08,-2.916646E-01
+9.5000000000E-08,-2.499979E-01
+9.6000000000E-08,-1.666646E-01
+9.7000000000E-08,-2.916646E-01
+9.8000000000E-08,-2.499979E-01
+9.9000000000E-08,-3.749979E-01
+1.0000000000E-07,-3.749979E-01
+1.0100000000E-07,-2.916646E-01
+1.0200000000E-07,-3.749979E-01
+1.0300000000E-07,-2.916646E-01
+1.0400000000E-07,-4.166646E-01
+1.0500000000E-07,-4.166646E-01
+1.0600000000E-07,-3.749979E-01
+1.0700000000E-07,-3.333313E-01
+1.0800000000E-07,-3.749979E-01
+1.0900000000E-07,-3.749979E-01
+1.1000000000E-07,-3.333313E-01
+1.1100000000E-07,-3.749979E-01
+1.1200000000E-07,-3.333313E-01
+1.1300000000E-07,-3.333313E-01
+1.1400000000E-07,-3.749979E-01
+1.1500000000E-07,-4.166646E-01
+1.1600000000E-07,-5.833313E-01
+1.1700000000E-07,-5.833313E-01
+1.1800000000E-07,-4.166646E-01
+1.1900000000E-07,-4.999980E-01
+1.2000000000E-07,-3.749979E-01
+1.2100000000E-07,-3.749979E-01
+1.2200000000E-07,-1.666646E-01
+1.2300000000E-07,-1.999998E+00
+1.2400000000E-07,-1.125000E+01
+1.2500000000E-07,-3.295833E+01
+1.2600000000E-07,-4.850000E+01
+1.2700000000E-07,-6.291667E+01
+1.2800000000E-07,-6.016667E+01
+1.2900000000E-07,-4.991667E+01
+1.3000000000E-07,-4.900000E+01
+1.3100000000E-07,-4.775000E+01
+1.3200000000E-07,-4.687500E+01
+1.3300000000E-07,-4.762500E+01
+1.3400000000E-07,-4.741667E+01
+1.3500000000E-07,-4.716667E+01
+1.3600000000E-07,-4.758333E+01
+1.3700000000E-07,-4.687500E+01
+1.3800000000E-07,-4.637500E+01
+1.3900000000E-07,-4.737500E+01
+1.4000000000E-07,-4.700000E+01
+1.4100000000E-07,-4.762500E+01
+1.4200000000E-07,-4.775000E+01
+1.4300000000E-07,-4.725000E+01
+1.4400000000E-07,-4.762500E+01
+1.4500000000E-07,-4.745834E+01
+1.4600000000E-07,-4.733334E+01
+1.4700000000E-07,-4.770834E+01
+1.4800000000E-07,-4.737500E+01
+1.4900000000E-07,-4.750000E+01
+1.5000000000E-07,-4.741667E+01
+1.5100000000E-07,-4.712500E+01
+1.5200000000E-07,-4.733334E+01
+1.5300000000E-07,-4.758333E+01
+1.5400000000E-07,-4.737500E+01
+1.5500000000E-07,-4.754166E+01
+1.5600000000E-07,-4.750000E+01
+1.5700000000E-07,-4.745834E+01
+1.5800000000E-07,-4.754166E+01
+1.5900000000E-07,-4.745834E+01
+1.6000000000E-07,-4.741667E+01
+1.6100000000E-07,-4.737500E+01
+1.6200000000E-07,-4.725000E+01
+1.6300000000E-07,-4.725000E+01
+1.6400000000E-07,-4.725000E+01
+1.6500000000E-07,-4.750000E+01
+1.6600000000E-07,-4.745834E+01
+1.6700000000E-07,-4.733334E+01
+1.6800000000E-07,-4.745834E+01
+1.6900000000E-07,-4.737500E+01
+1.7000000000E-07,-4.745834E+01
+1.7100000000E-07,-4.733334E+01
+1.7200000000E-07,-4.729166E+01
+1.7300000000E-07,-4.750000E+01
+1.7400000000E-07,-4.750000E+01
+1.7500000000E-07,-4.758333E+01
+1.7600000000E-07,-4.766667E+01
+1.7700000000E-07,-4.770834E+01
+1.7800000000E-07,-4.770834E+01
+1.7900000000E-07,-4.766667E+01
+1.8000000000E-07,-4.766667E+01
+1.8100000000E-07,-4.770834E+01
+1.8200000000E-07,-4.762500E+01
+1.8300000000E-07,-4.770834E+01
+1.8400000000E-07,-4.758333E+01
+1.8500000000E-07,-4.770834E+01
+1.8600000000E-07,-4.783333E+01
+1.8700000000E-07,-4.783333E+01
+1.8800000000E-07,-4.758333E+01
+1.8900000000E-07,-4.766667E+01
+1.9000000000E-07,-4.758333E+01
+1.9100000000E-07,-4.766667E+01
+1.9200000000E-07,-4.750000E+01
+1.9300000000E-07,-4.766667E+01
+1.9400000000E-07,-4.758333E+01
+1.9500000000E-07,-4.766667E+01
+1.9600000000E-07,-4.750000E+01
+1.9700000000E-07,-4.770834E+01
+1.9800000000E-07,-4.770834E+01
+1.9900000000E-07,-4.766667E+01
+2.0000000000E-07,-4.754166E+01
+2.0100000000E-07,-4.754166E+01
+2.0200000000E-07,-4.754166E+01
+2.0300000000E-07,-4.766667E+01
+2.0400000000E-07,-4.750000E+01
+2.0500000000E-07,-4.775000E+01
+2.0600000000E-07,-4.754166E+01
+2.0700000000E-07,-4.754166E+01
+2.0800000000E-07,-4.750000E+01
+2.0900000000E-07,-4.745834E+01
+2.1000000000E-07,-4.737500E+01
+2.1100000000E-07,-4.762500E+01
+2.1200000000E-07,-4.745834E+01
+2.1300000000E-07,-4.758333E+01
+2.1400000000E-07,-4.758333E+01
+2.1500000000E-07,-4.754166E+01
+2.1600000000E-07,-4.762500E+01
+2.1700000000E-07,-4.766667E+01
+2.1800000000E-07,-4.787500E+01
+2.1900000000E-07,-4.775000E+01
+2.2000000000E-07,-4.762500E+01
+2.2100000000E-07,-4.775000E+01
+2.2200000000E-07,-4.754166E+01
+2.2300000000E-07,-4.737500E+01
+2.2400000000E-07,-4.754166E+01
+2.2500000000E-07,-4.741667E+01
+2.2600000000E-07,-4.762500E+01
+2.2700000000E-07,-4.766667E+01
+2.2800000000E-07,-4.770834E+01
+2.2900000000E-07,-4.770834E+01
+2.3000000000E-07,-4.758333E+01
+2.3100000000E-07,-4.766667E+01
+2.3200000000E-07,-4.758333E+01
+2.3300000000E-07,-4.762500E+01
+2.3400000000E-07,-4.762500E+01
+2.3500000000E-07,-4.762500E+01
+2.3600000000E-07,-4.758333E+01
+2.3700000000E-07,-4.762500E+01
+2.3800000000E-07,-4.762500E+01
+2.3900000000E-07,-4.783333E+01
+2.4000000000E-07,-4.787500E+01
+2.4100000000E-07,-4.775000E+01
+2.4200000000E-07,-4.762500E+01
+2.4300000000E-07,-4.758333E+01
+2.4400000000E-07,-4.766667E+01
+2.4500000000E-07,-4.775000E+01
+2.4600000000E-07,-4.779167E+01
+2.4700000000E-07,-4.750000E+01
+2.4800000000E-07,-4.737500E+01
+2.4900000000E-07,-4.762500E+01
+2.5000000000E-07,-4.750000E+01
+2.5100000000E-07,-4.750000E+01
+2.5200000000E-07,-4.758333E+01
+2.5300000000E-07,-4.750000E+01
+2.5400000000E-07,-4.754166E+01
+2.5500000000E-07,-4.800000E+01
+2.5600000000E-07,-4.758333E+01
+2.5700000000E-07,-4.729166E+01
+2.5800000000E-07,-4.758333E+01
+2.5900000000E-07,-4.795834E+01
+2.6000000000E-07,-4.754166E+01
+2.6100000000E-07,-4.750000E+01
+2.6200000000E-07,-4.787500E+01
+2.6300000000E-07,-4.791666E+01
+2.6400000000E-07,-4.754166E+01
+2.6500000000E-07,-4.770834E+01
+2.6600000000E-07,-4.800000E+01
+2.6700000000E-07,-4.762500E+01
+2.6800000000E-07,-4.758333E+01
+2.6900000000E-07,-4.779167E+01
+2.7000000000E-07,-4.795834E+01
+2.7100000000E-07,-4.779167E+01
+2.7200000000E-07,-4.770834E+01
+2.7300000000E-07,-4.779167E+01
+2.7400000000E-07,-4.779167E+01
+2.7500000000E-07,-4.770834E+01
+2.7600000000E-07,-4.758333E+01
+2.7700000000E-07,-4.762500E+01
+2.7800000000E-07,-4.750000E+01
+2.7900000000E-07,-4.758333E+01
+2.8000000000E-07,-4.762500E+01
+2.8100000000E-07,-4.766667E+01
+2.8200000000E-07,-4.754166E+01
+2.8300000000E-07,-4.779167E+01
+2.8400000000E-07,-4.775000E+01
+2.8500000000E-07,-4.766667E+01
+2.8600000000E-07,-4.766667E+01
+2.8700000000E-07,-4.795834E+01
+2.8800000000E-07,-4.791666E+01
+2.8900000000E-07,-4.775000E+01
+2.9000000000E-07,-4.779167E+01
+2.9100000000E-07,-4.783333E+01
+2.9200000000E-07,-4.783333E+01
+2.9300000000E-07,-4.779167E+01
+2.9400000000E-07,-4.783333E+01
+2.9500000000E-07,-4.783333E+01
+2.9600000000E-07,-4.770834E+01
+2.9700000000E-07,-4.779167E+01
+2.9800000000E-07,-4.766667E+01
+2.9900000000E-07,-4.766667E+01
+3.0000000000E-07,-4.766667E+01
+3.0100000000E-07,-4.775000E+01
+3.0200000000E-07,-4.775000E+01
+3.0300000000E-07,-4.779167E+01
+3.0400000000E-07,-4.754166E+01
+3.0500000000E-07,-4.758333E+01
+3.0600000000E-07,-4.758333E+01
+3.0700000000E-07,-4.770834E+01
+3.0800000000E-07,-4.758333E+01
+3.0900000000E-07,-4.775000E+01
+3.1000000000E-07,-4.783333E+01
+3.1100000000E-07,-4.787500E+01
+3.1200000000E-07,-4.762500E+01
+3.1300000000E-07,-4.787500E+01
+3.1400000000E-07,-4.787500E+01
+3.1500000000E-07,-4.762500E+01
+3.1600000000E-07,-4.758333E+01
+3.1700000000E-07,-4.787500E+01
+3.1800000000E-07,-4.795834E+01
+3.1900000000E-07,-4.791666E+01
+3.2000000000E-07,-4.775000E+01
+3.2100000000E-07,-4.758333E+01
+3.2200000000E-07,-4.775000E+01
+3.2300000000E-07,-4.791666E+01
+3.2400000000E-07,-4.795834E+01
+3.2500000000E-07,-4.791666E+01
+3.2600000000E-07,-4.791666E+01
+3.2700000000E-07,-4.795834E+01
+3.2800000000E-07,-4.791666E+01
+3.2900000000E-07,-4.787500E+01
+3.3000000000E-07,-4.787500E+01
+3.3100000000E-07,-4.783333E+01
+3.3200000000E-07,-4.766667E+01
+3.3300000000E-07,-4.770834E+01
+3.3400000000E-07,-4.770834E+01
+3.3500000000E-07,-4.775000E+01
+3.3600000000E-07,-4.766667E+01
+3.3700000000E-07,-4.783333E+01
+3.3800000000E-07,-4.783333E+01
+3.3900000000E-07,-4.783333E+01
+3.4000000000E-07,-4.770834E+01
+3.4100000000E-07,-4.766667E+01
+3.4200000000E-07,-4.762500E+01
+3.4300000000E-07,-4.766667E+01
+3.4400000000E-07,-4.762500E+01
+3.4500000000E-07,-4.754166E+01
+3.4600000000E-07,-4.754166E+01
+3.4700000000E-07,-4.766667E+01
+3.4800000000E-07,-4.762500E+01
+3.4900000000E-07,-4.783333E+01
+3.5000000000E-07,-4.762500E+01
+3.5100000000E-07,-4.762500E+01
+3.5200000000E-07,-4.779167E+01
+3.5300000000E-07,-4.779167E+01
+3.5400000000E-07,-4.779167E+01
+3.5500000000E-07,-4.770834E+01
+3.5600000000E-07,-4.783333E+01
+3.5700000000E-07,-4.775000E+01
+3.5800000000E-07,-4.762500E+01
+3.5900000000E-07,-4.762500E+01
+3.6000000000E-07,-4.758333E+01
+3.6100000000E-07,-4.770834E+01
+3.6200000000E-07,-4.754166E+01
+3.6300000000E-07,-4.762500E+01
+3.6400000000E-07,-4.762500E+01
+3.6500000000E-07,-4.762500E+01
+3.6600000000E-07,-4.737500E+01
+3.6700000000E-07,-4.766667E+01
+3.6800000000E-07,-4.770834E+01
+3.6900000000E-07,-4.770834E+01
+3.7000000000E-07,-4.775000E+01
+3.7100000000E-07,-4.766667E+01
+3.7200000000E-07,-4.758333E+01
+3.7300000000E-07,-4.745834E+01
+3.7400000000E-07,-4.741667E+01
+3.7500000000E-07,-4.750000E+01
+3.7600000000E-07,-4.754166E+01
+3.7700000000E-07,-4.770834E+01
+3.7800000000E-07,-4.795834E+01
+3.7900000000E-07,-4.691666E+01
+3.8000000000E-07,-4.820833E+01
+3.8100000000E-07,-4.745834E+01
+3.8200000000E-07,-4.716667E+01
+3.8300000000E-07,-4.800000E+01
+3.8400000000E-07,-4.741667E+01
+3.8500000000E-07,-4.787500E+01
+3.8600000000E-07,-4.750000E+01
+3.8700000000E-07,-4.733334E+01
+3.8800000000E-07,-4.770834E+01
+3.8900000000E-07,-4.737500E+01
+3.9000000000E-07,-4.762500E+01
+3.9100000000E-07,-4.733334E+01
+3.9200000000E-07,-4.725000E+01
+3.9300000000E-07,-4.758333E+01
+3.9400000000E-07,-4.741667E+01
+3.9500000000E-07,-4.745834E+01
+3.9600000000E-07,-4.745834E+01
+3.9700000000E-07,-4.758333E+01
+3.9800000000E-07,-4.766667E+01
+3.9900000000E-07,-4.745834E+01
+4.0000000000E-07,-4.745834E+01
+4.0100000000E-07,-4.745834E+01
+4.0200000000E-07,-4.758333E+01
+4.0300000000E-07,-4.762500E+01
+4.0400000000E-07,-4.741667E+01
+4.0500000000E-07,-4.745834E+01
+4.0600000000E-07,-4.754166E+01
+4.0700000000E-07,-4.762500E+01
+4.0800000000E-07,-4.762500E+01
+4.0900000000E-07,-4.750000E+01
+4.1000000000E-07,-4.741667E+01
+4.1100000000E-07,-4.758333E+01
+4.1200000000E-07,-4.737500E+01
+4.1300000000E-07,-4.733334E+01
+4.1400000000E-07,-4.741667E+01
+4.1500000000E-07,-4.766667E+01
+4.1600000000E-07,-4.762500E+01
+4.1700000000E-07,-4.758333E+01
+4.1800000000E-07,-4.758333E+01
+4.1900000000E-07,-4.745834E+01
+4.2000000000E-07,-4.754166E+01
+4.2100000000E-07,-4.745834E+01
+4.2200000000E-07,-4.754166E+01
+4.2300000000E-07,-4.745834E+01
+4.2400000000E-07,-4.754166E+01
+4.2500000000E-07,-4.741667E+01
+4.2600000000E-07,-4.737500E+01
+4.2700000000E-07,-4.758333E+01
+4.2800000000E-07,-4.754166E+01
+4.2900000000E-07,-4.741667E+01
+4.3000000000E-07,-4.741667E+01
+4.3100000000E-07,-4.750000E+01
+4.3200000000E-07,-4.758333E+01
+4.3300000000E-07,-4.770834E+01
+4.3400000000E-07,-4.754166E+01
+4.3500000000E-07,-4.750000E+01
+4.3600000000E-07,-4.745834E+01
+4.3700000000E-07,-4.770834E+01
+4.3800000000E-07,-4.745834E+01
+4.3900000000E-07,-4.741667E+01
+4.4000000000E-07,-4.737500E+01
+4.4100000000E-07,-4.733334E+01
+4.4200000000E-07,-4.720833E+01
+4.4300000000E-07,-4.741667E+01
+4.4400000000E-07,-4.745834E+01
+4.4500000000E-07,-4.758333E+01
+4.4600000000E-07,-4.745834E+01
+4.4700000000E-07,-4.741667E+01
+4.4800000000E-07,-4.750000E+01
+4.4900000000E-07,-4.754166E+01
+4.5000000000E-07,-4.762500E+01
+4.5100000000E-07,-4.766667E+01
+4.5200000000E-07,-4.766667E+01
+4.5300000000E-07,-4.766667E+01
+4.5400000000E-07,-4.758333E+01
+4.5500000000E-07,-4.754166E+01
+4.5600000000E-07,-4.754166E+01
+4.5700000000E-07,-4.750000E+01
+4.5800000000E-07,-4.758333E+01
+4.5900000000E-07,-4.750000E+01
+4.6000000000E-07,-4.762500E+01
+4.6100000000E-07,-4.758333E+01
+4.6200000000E-07,-4.762500E+01
+4.6300000000E-07,-4.745834E+01
+4.6400000000E-07,-4.733334E+01
+4.6500000000E-07,-4.741667E+01
+4.6600000000E-07,-4.762500E+01
+4.6700000000E-07,-4.745834E+01
+4.6800000000E-07,-4.750000E+01
+4.6900000000E-07,-4.745834E+01
+4.7000000000E-07,-4.741667E+01
+4.7100000000E-07,-4.741667E+01
+4.7200000000E-07,-4.725000E+01
+4.7300000000E-07,-4.745834E+01
+4.7400000000E-07,-4.758333E+01
+4.7500000000E-07,-4.758333E+01
+4.7600000000E-07,-4.745834E+01
+4.7700000000E-07,-4.750000E+01
+4.7800000000E-07,-4.737500E+01
+4.7900000000E-07,-4.741667E+01
+4.8000000000E-07,-4.737500E+01
+4.8100000000E-07,-4.737500E+01
+4.8200000000E-07,-4.750000E+01
+4.8300000000E-07,-4.754166E+01
+4.8400000000E-07,-4.758333E+01
+4.8500000000E-07,-4.758333E+01
+4.8600000000E-07,-4.737500E+01
+4.8700000000E-07,-4.745834E+01
+4.8800000000E-07,-4.741667E+01
+4.8900000000E-07,-4.737500E+01
+4.9000000000E-07,-4.729166E+01
+4.9100000000E-07,-4.737500E+01
+4.9200000000E-07,-4.762500E+01
+4.9300000000E-07,-4.758333E+01
+4.9400000000E-07,-4.737500E+01
+4.9500000000E-07,-4.737500E+01
+4.9600000000E-07,-4.745834E+01
+4.9700000000E-07,-4.754166E+01
+4.9800000000E-07,-4.737500E+01
+4.9900000000E-07,-4.562500E+01
+5.0000000000E-07,-3.654167E+01
+5.0100000000E-07,-1.520833E+01
+5.0200000000E-07,+6.333336E+00
+5.0300000000E-07,+1.412500E+01
+5.0400000000E-07,+8.125002E+00
+5.0500000000E-07,+2.250002E+00
+5.0600000000E-07,+2.916688E-01
+5.0700000000E-07,-9.583313E-01
+5.0800000000E-07,-1.708331E+00
+5.0900000000E-07,-1.458331E+00
+5.1000000000E-07,-1.041665E+00
+5.1100000000E-07,-7.916647E-01
+5.1200000000E-07,-4.999980E-01
+5.1300000000E-07,-8.333313E-01
+5.1400000000E-07,-1.249998E+00
+5.1500000000E-07,-1.124998E+00
+5.1600000000E-07,-8.333313E-01
+5.1700000000E-07,-6.249980E-01
+5.1800000000E-07,-7.916647E-01
+5.1900000000E-07,-2.499979E-01
+5.2000000000E-07,-2.499979E-01
+5.2100000000E-07,-4.583313E-01
+5.2200000000E-07,-4.583313E-01
+5.2300000000E-07,-2.916646E-01
+5.2400000000E-07,-1.249979E-01
+5.2500000000E-07,-4.166646E-01
+5.2600000000E-07,-3.333313E-01
+5.2700000000E-07,-2.499979E-01
+5.2800000000E-07,-3.749979E-01
+5.2900000000E-07,-2.499979E-01
+5.3000000000E-07,-2.499979E-01
+5.3100000000E-07,-2.499979E-01
+5.3200000000E-07,-4.583313E-01
+5.3300000000E-07,-2.499979E-01
+5.3400000000E-07,-2.083313E-01
+5.3500000000E-07,-1.249979E-01
+5.3600000000E-07,-3.333313E-01
+5.3700000000E-07,-3.749979E-01
+5.3800000000E-07,-4.166646E-01
+5.3900000000E-07,-5.416646E-01
+5.4000000000E-07,-4.583313E-01
+5.4100000000E-07,-3.749979E-01
+5.4200000000E-07,-3.749979E-01
+5.4300000000E-07,-3.333313E-01
+5.4400000000E-07,-3.333313E-01
+5.4500000000E-07,-3.749979E-01
+5.4600000000E-07,-3.749979E-01
+5.4700000000E-07,-2.916646E-01
+5.4800000000E-07,-1.666646E-01
+5.4900000000E-07,-1.666646E-01
+5.5000000000E-07,-3.333313E-01
+5.5100000000E-07,-4.166646E-01
+5.5200000000E-07,-2.499979E-01
+5.5300000000E-07,-1.249979E-01
+5.5400000000E-07,-3.333313E-01
+5.5500000000E-07,-3.333313E-01
+5.5600000000E-07,-4.166646E-01
+5.5700000000E-07,-4.166646E-01
+5.5800000000E-07,-2.083313E-01
+5.5900000000E-07,-2.499979E-01
+5.6000000000E-07,-3.333313E-01
+5.6100000000E-07,-3.749979E-01
+5.6200000000E-07,-3.333313E-01
+5.6300000000E-07,-2.083313E-01
+5.6400000000E-07,-1.249979E-01
+5.6500000000E-07,-2.916646E-01
+5.6600000000E-07,-4.166646E-01
+5.6700000000E-07,-4.999980E-01
+5.6800000000E-07,-1.666646E-01
+5.6900000000E-07,-3.333313E-01
+5.7000000000E-07,-2.499979E-01
+5.7100000000E-07,-3.333313E-01
+5.7200000000E-07,-4.583313E-01
+5.7300000000E-07,-3.749979E-01
+5.7400000000E-07,-5.833313E-01
+5.7500000000E-07,-4.583313E-01
+5.7600000000E-07,-2.083313E-01
+5.7700000000E-07,-1.666646E-01
+5.7800000000E-07,-4.166646E-01
+5.7900000000E-07,-3.749979E-01
+5.8000000000E-07,-2.083313E-01
+5.8100000000E-07,-2.083313E-01
+5.8200000000E-07,-2.916646E-01
+5.8300000000E-07,-3.749979E-01
+5.8400000000E-07,-4.999980E-01
+5.8500000000E-07,-3.749979E-01
+5.8600000000E-07,-3.333313E-01
+5.8700000000E-07,-2.083313E-01
+5.8800000000E-07,-3.333313E-01
+5.8900000000E-07,-2.499979E-01
+5.9000000000E-07,-2.916646E-01
+5.9100000000E-07,-1.666646E-01
+5.9200000000E-07,-2.499979E-01
+5.9300000000E-07,-4.166646E-01
+5.9400000000E-07,-2.499979E-01
+5.9500000000E-07,-2.083313E-01
+5.9600000000E-07,-3.749979E-01
+5.9700000000E-07,-4.166646E-01
+5.9800000000E-07,-4.166646E-01
+5.9900000000E-07,-2.916646E-01
+6.0000000000E-07,-4.166646E-01
+6.0100000000E-07,-5.416646E-01
+6.0200000000E-07,-5.416646E-01
+6.0300000000E-07,-2.916646E-01
+6.0400000000E-07,-4.166646E-01
+6.0500000000E-07,-4.583313E-01
+6.0600000000E-07,-3.749979E-01
+6.0700000000E-07,-4.583313E-01
+6.0800000000E-07,-4.999980E-01
+6.0900000000E-07,-2.916646E-01
+6.1000000000E-07,-4.583313E-01
+6.1100000000E-07,-3.333313E-01
+6.1200000000E-07,-2.916646E-01
+6.1300000000E-07,-2.916646E-01
+6.1400000000E-07,-3.333313E-01
+6.1500000000E-07,-3.333313E-01
+6.1600000000E-07,-4.583313E-01
+6.1700000000E-07,-4.999980E-01
+6.1800000000E-07,-4.166646E-01
+6.1900000000E-07,-4.583313E-01
+6.2000000000E-07,-2.499979E-01
+6.2100000000E-07,-2.083313E-01
+6.2200000000E-07,-1.666646E-01
+6.2300000000E-07,-2.083313E-01
+6.2400000000E-07,-1.124998E+00
+6.2500000000E-07,-6.624999E+00
+6.2600000000E-07,-2.583333E+01
+6.2700000000E-07,-4.375000E+01
+6.2800000000E-07,-5.845833E+01
+6.2900000000E-07,-6.345833E+01
+6.3000000000E-07,-5.208334E+01
+6.3100000000E-07,-4.866667E+01
+6.3200000000E-07,-4.820833E+01
+6.3300000000E-07,-4.704167E+01
+6.3400000000E-07,-4.750000E+01
+6.3500000000E-07,-4.787500E+01
+6.3600000000E-07,-4.725000E+01
+6.3700000000E-07,-4.762500E+01
+6.3800000000E-07,-4.737500E+01
+6.3900000000E-07,-4.650000E+01
+6.4000000000E-07,-4.737500E+01
+6.4100000000E-07,-4.720833E+01
+6.4200000000E-07,-4.712500E+01
+6.4300000000E-07,-4.791666E+01
+6.4400000000E-07,-4.733334E+01
+6.4500000000E-07,-4.766667E+01
+6.4600000000E-07,-4.766667E+01
+6.4700000000E-07,-4.733334E+01
+6.4800000000E-07,-4.762500E+01
+6.4900000000E-07,-4.762500E+01
+6.5000000000E-07,-4.758333E+01
+6.5100000000E-07,-4.766667E+01
+6.5200000000E-07,-4.750000E+01
+6.5300000000E-07,-4.741667E+01
+6.5400000000E-07,-4.733334E+01
+6.5500000000E-07,-4.720833E+01
+6.5600000000E-07,-4.745834E+01
+6.5700000000E-07,-4.745834E+01
+6.5800000000E-07,-4.737500E+01
+6.5900000000E-07,-4.754166E+01
+6.6000000000E-07,-4.754166E+01
+6.6100000000E-07,-4.733334E+01
+6.6200000000E-07,-4.741667E+01
+6.6300000000E-07,-4.733334E+01
+6.6400000000E-07,-4.737500E+01
+6.6500000000E-07,-4.741667E+01
+6.6600000000E-07,-4.754166E+01
+6.6700000000E-07,-4.750000E+01
+6.6800000000E-07,-4.737500E+01
+6.6900000000E-07,-4.729166E+01
+6.7000000000E-07,-4.737500E+01
+6.7100000000E-07,-4.737500E+01
+6.7200000000E-07,-4.758333E+01
+6.7300000000E-07,-4.770834E+01
+6.7400000000E-07,-4.770834E+01
+6.7500000000E-07,-4.754166E+01
+6.7600000000E-07,-4.770834E+01
+6.7700000000E-07,-4.766667E+01
+6.7800000000E-07,-4.750000E+01
+6.7900000000E-07,-4.741667E+01
+6.8000000000E-07,-4.754166E+01
+6.8100000000E-07,-4.754166E+01
+6.8200000000E-07,-4.770834E+01
+6.8300000000E-07,-4.762500E+01
+6.8400000000E-07,-4.762500E+01
+6.8500000000E-07,-4.745834E+01
+6.8600000000E-07,-4.762500E+01
+6.8700000000E-07,-4.770834E+01
+6.8800000000E-07,-4.770834E+01
+6.8900000000E-07,-4.766667E+01
+6.9000000000E-07,-4.750000E+01
+6.9100000000E-07,-4.762500E+01
+6.9200000000E-07,-4.779167E+01
+6.9300000000E-07,-4.779167E+01
+6.9400000000E-07,-4.766667E+01
+6.9500000000E-07,-4.741667E+01
+6.9600000000E-07,-4.758333E+01
+6.9700000000E-07,-4.758333E+01
+6.9800000000E-07,-4.758333E+01
+6.9900000000E-07,-4.779167E+01
+7.0000000000E-07,-4.770834E+01
+7.0100000000E-07,-4.762500E+01
+7.0200000000E-07,-4.766667E+01
+7.0300000000E-07,-4.770834E+01
+7.0400000000E-07,-4.758333E+01
+7.0500000000E-07,-4.754166E+01
+7.0600000000E-07,-4.775000E+01
+7.0700000000E-07,-4.775000E+01
+7.0800000000E-07,-4.766667E+01
+7.0900000000E-07,-4.766667E+01
+7.1000000000E-07,-4.758333E+01
+7.1100000000E-07,-4.741667E+01
+7.1200000000E-07,-4.733334E+01
+7.1300000000E-07,-4.750000E+01
+7.1400000000E-07,-4.775000E+01
+7.1500000000E-07,-4.750000E+01
+7.1600000000E-07,-4.754166E+01
+7.1700000000E-07,-4.745834E+01
+7.1800000000E-07,-4.766667E+01
+7.1900000000E-07,-4.766667E+01
+7.2000000000E-07,-4.762500E+01
+7.2100000000E-07,-4.750000E+01
+7.2200000000E-07,-4.745834E+01
+7.2300000000E-07,-4.745834E+01
+7.2400000000E-07,-4.758333E+01
+7.2500000000E-07,-4.770834E+01
+7.2600000000E-07,-4.762500E+01
+7.2700000000E-07,-4.745834E+01
+7.2800000000E-07,-4.745834E+01
+7.2900000000E-07,-4.770834E+01
+7.3000000000E-07,-4.758333E+01
+7.3100000000E-07,-4.750000E+01
+7.3200000000E-07,-4.766667E+01
+7.3300000000E-07,-4.779167E+01
+7.3400000000E-07,-4.787500E+01
+7.3500000000E-07,-4.779167E+01
+7.3600000000E-07,-4.758333E+01
+7.3700000000E-07,-4.758333E+01
+7.3800000000E-07,-4.775000E+01
+7.3900000000E-07,-4.762500E+01
+7.4000000000E-07,-4.754166E+01
+7.4100000000E-07,-4.770834E+01
+7.4200000000E-07,-4.770834E+01
+7.4300000000E-07,-4.770834E+01
+7.4400000000E-07,-4.766667E+01
+7.4500000000E-07,-4.766667E+01
+7.4600000000E-07,-4.750000E+01
+7.4700000000E-07,-4.766667E+01
+7.4800000000E-07,-4.766667E+01
+7.4900000000E-07,-4.775000E+01
+7.5000000000E-07,-4.745834E+01
+7.5100000000E-07,-4.754166E+01
+7.5200000000E-07,-4.750000E+01
+7.5300000000E-07,-4.791666E+01
+7.5400000000E-07,-4.762500E+01
+7.5500000000E-07,-4.729166E+01
+7.5600000000E-07,-4.758333E+01
+7.5700000000E-07,-4.775000E+01
+7.5800000000E-07,-4.725000E+01
+7.5900000000E-07,-4.779167E+01
+7.6000000000E-07,-4.791666E+01
+7.6100000000E-07,-4.762500E+01
+7.6200000000E-07,-4.754166E+01
+7.6300000000E-07,-4.783333E+01
+7.6400000000E-07,-4.779167E+01
+7.6500000000E-07,-4.733334E+01
+7.6600000000E-07,-4.754166E+01
+7.6700000000E-07,-4.775000E+01
+7.6800000000E-07,-4.762500E+01
+7.6900000000E-07,-4.741667E+01
+7.7000000000E-07,-4.770834E+01
+7.7100000000E-07,-4.800000E+01
+7.7200000000E-07,-4.770834E+01
+7.7300000000E-07,-4.766667E+01
+7.7400000000E-07,-4.770834E+01
+7.7500000000E-07,-4.779167E+01
+7.7600000000E-07,-4.766667E+01
+7.7700000000E-07,-4.779167E+01
+7.7800000000E-07,-4.787500E+01
+7.7900000000E-07,-4.795834E+01
+7.8000000000E-07,-4.779167E+01
+7.8100000000E-07,-4.791666E+01
+7.8200000000E-07,-4.795834E+01
+7.8300000000E-07,-4.791666E+01
+7.8400000000E-07,-4.770834E+01
+7.8500000000E-07,-4.783333E+01
+7.8600000000E-07,-4.791666E+01
+7.8700000000E-07,-4.783333E+01
+7.8800000000E-07,-4.775000E+01
+7.8900000000E-07,-4.779167E+01
+7.9000000000E-07,-4.775000E+01
+7.9100000000E-07,-4.783333E+01
+7.9200000000E-07,-4.800000E+01
+7.9300000000E-07,-4.795834E+01
+7.9400000000E-07,-4.754166E+01
+7.9500000000E-07,-4.758333E+01
+7.9600000000E-07,-4.779167E+01
+7.9700000000E-07,-4.795834E+01
+7.9800000000E-07,-4.783333E+01
+7.9900000000E-07,-4.770834E+01
+8.0000000000E-07,-4.779167E+01
+8.0100000000E-07,-4.762500E+01
+8.0200000000E-07,-4.758333E+01
+8.0300000000E-07,-4.775000E+01
+8.0400000000E-07,-4.779167E+01
+8.0500000000E-07,-4.770834E+01
+8.0600000000E-07,-4.787500E+01
+8.0700000000E-07,-4.787500E+01
+8.0800000000E-07,-4.775000E+01
+8.0900000000E-07,-4.758333E+01
+8.1000000000E-07,-4.770834E+01
+8.1100000000E-07,-4.770834E+01
+8.1200000000E-07,-4.762500E+01
+8.1300000000E-07,-4.779167E+01
+8.1400000000E-07,-4.795834E+01
+8.1500000000E-07,-4.779167E+01
+8.1600000000E-07,-4.783333E+01
+8.1700000000E-07,-4.775000E+01
+8.1800000000E-07,-4.779167E+01
+8.1900000000E-07,-4.770834E+01
+8.2000000000E-07,-4.770834E+01
+8.2100000000E-07,-4.783333E+01
+8.2200000000E-07,-4.791666E+01
+8.2300000000E-07,-4.779167E+01
+8.2400000000E-07,-4.783333E+01
+8.2500000000E-07,-4.779167E+01
+8.2600000000E-07,-4.779167E+01
+8.2700000000E-07,-4.783333E+01
+8.2800000000E-07,-4.770834E+01
+8.2900000000E-07,-4.758333E+01
+8.3000000000E-07,-4.762500E+01
+8.3100000000E-07,-4.775000E+01
+8.3200000000E-07,-4.791666E+01
+8.3300000000E-07,-4.766667E+01
+8.3400000000E-07,-4.770834E+01
+8.3500000000E-07,-4.791666E+01
+8.3600000000E-07,-4.791666E+01
+8.3700000000E-07,-4.795834E+01
+8.3800000000E-07,-4.775000E+01
+8.3900000000E-07,-4.770834E+01
+8.4000000000E-07,-4.779167E+01
+8.4100000000E-07,-4.783333E+01
+8.4200000000E-07,-4.783333E+01
+8.4300000000E-07,-4.779167E+01
+8.4400000000E-07,-4.779167E+01
+8.4500000000E-07,-4.775000E+01
+8.4600000000E-07,-4.779167E+01
+8.4700000000E-07,-4.779167E+01
+8.4800000000E-07,-4.783333E+01
+8.4900000000E-07,-4.770834E+01
+8.5000000000E-07,-4.775000E+01
+8.5100000000E-07,-4.775000E+01
+8.5200000000E-07,-4.775000E+01
+8.5300000000E-07,-4.758333E+01
+8.5400000000E-07,-4.758333E+01
+8.5500000000E-07,-4.745834E+01
+8.5600000000E-07,-4.762500E+01
+8.5700000000E-07,-4.758333E+01
+8.5800000000E-07,-4.758333E+01
+8.5900000000E-07,-4.770834E+01
+8.6000000000E-07,-4.770834E+01
+8.6100000000E-07,-4.766667E+01
+8.6200000000E-07,-4.775000E+01
+8.6300000000E-07,-4.787500E+01
+8.6400000000E-07,-4.758333E+01
+8.6500000000E-07,-4.762500E+01
+8.6600000000E-07,-4.762500E+01
+8.6700000000E-07,-4.741667E+01
+8.6800000000E-07,-4.750000E+01
+8.6900000000E-07,-4.745834E+01
+8.7000000000E-07,-4.758333E+01
+8.7100000000E-07,-4.766667E+01
+8.7200000000E-07,-4.750000E+01
+8.7300000000E-07,-4.729166E+01
+8.7400000000E-07,-4.750000E+01
+8.7500000000E-07,-4.750000E+01
+8.7600000000E-07,-4.758333E+01
+8.7700000000E-07,-4.766667E+01
+8.7800000000E-07,-4.737500E+01
+8.7900000000E-07,-4.820833E+01
+8.8000000000E-07,-4.700000E+01
+8.8100000000E-07,-4.775000E+01
+8.8200000000E-07,-4.812500E+01
+8.8300000000E-07,-4.704167E+01
+8.8400000000E-07,-4.812500E+01
+8.8500000000E-07,-4.737500E+01
+8.8600000000E-07,-4.750000E+01
+8.8700000000E-07,-4.766667E+01
+8.8800000000E-07,-4.737500E+01
+8.8900000000E-07,-4.779167E+01
+8.9000000000E-07,-4.754166E+01
+8.9100000000E-07,-4.758333E+01
+8.9200000000E-07,-4.758333E+01
+8.9300000000E-07,-4.745834E+01
+8.9400000000E-07,-4.770834E+01
+8.9500000000E-07,-4.770834E+01
+8.9600000000E-07,-4.762500E+01
+8.9700000000E-07,-4.775000E+01
+8.9800000000E-07,-4.750000E+01
+8.9900000000E-07,-4.750000E+01
+9.0000000000E-07,-4.758333E+01
+9.0100000000E-07,-4.762500E+01
+9.0200000000E-07,-4.766667E+01
+9.0300000000E-07,-4.750000E+01
+9.0400000000E-07,-4.754166E+01
+9.0500000000E-07,-4.762500E+01
+9.0600000000E-07,-4.754166E+01
+9.0700000000E-07,-4.766667E+01
+9.0800000000E-07,-4.758333E+01
+9.0900000000E-07,-4.758333E+01
+9.1000000000E-07,-4.758333E+01
+9.1100000000E-07,-4.737500E+01
+9.1200000000E-07,-4.750000E+01
+9.1300000000E-07,-4.750000E+01
+9.1400000000E-07,-4.750000E+01
+9.1500000000E-07,-4.741667E+01
+9.1600000000E-07,-4.750000E+01
+9.1700000000E-07,-4.766667E+01
+9.1800000000E-07,-4.750000E+01
+9.1900000000E-07,-4.737500E+01
+9.2000000000E-07,-4.737500E+01
+9.2100000000E-07,-4.758333E+01
+9.2200000000E-07,-4.745834E+01
+9.2300000000E-07,-4.750000E+01
+9.2400000000E-07,-4.758333E+01
+9.2500000000E-07,-4.758333E+01
+9.2600000000E-07,-4.745834E+01
+9.2700000000E-07,-4.729166E+01
+9.2800000000E-07,-4.750000E+01
+9.2900000000E-07,-4.737500E+01
+9.3000000000E-07,-4.770834E+01
+9.3100000000E-07,-4.754166E+01
+9.3200000000E-07,-4.754166E+01
+9.3300000000E-07,-4.754166E+01
+9.3400000000E-07,-4.741667E+01
+9.3500000000E-07,-4.737500E+01
+9.3600000000E-07,-4.733334E+01
+9.3700000000E-07,-4.737500E+01
+9.3800000000E-07,-4.745834E+01
+9.3900000000E-07,-4.733334E+01
+9.4000000000E-07,-4.737500E+01
+9.4100000000E-07,-4.754166E+01
+9.4200000000E-07,-4.762500E+01
+9.4300000000E-07,-4.750000E+01
+9.4400000000E-07,-4.745834E+01
+9.4500000000E-07,-4.737500E+01
+9.4600000000E-07,-4.750000E+01
+9.4700000000E-07,-4.733334E+01
+9.4800000000E-07,-4.758333E+01
+9.4900000000E-07,-4.754166E+01
+9.5000000000E-07,-4.754166E+01
+9.5100000000E-07,-4.733334E+01
+9.5200000000E-07,-4.737500E+01
+9.5300000000E-07,-4.741667E+01
+9.5400000000E-07,-4.737500E+01
+9.5500000000E-07,-4.741667E+01
+9.5600000000E-07,-4.750000E+01
+9.5700000000E-07,-4.750000E+01
+9.5800000000E-07,-4.737500E+01
+9.5900000000E-07,-4.750000E+01
+9.6000000000E-07,-4.745834E+01
+9.6100000000E-07,-4.754166E+01
+9.6200000000E-07,-4.737500E+01
+9.6300000000E-07,-4.729166E+01
+9.6400000000E-07,-4.733334E+01
+9.6500000000E-07,-4.733334E+01
+9.6600000000E-07,-4.754166E+01
+9.6700000000E-07,-4.762500E+01
+9.6800000000E-07,-4.758333E+01
+9.6900000000E-07,-4.745834E+01
+9.7000000000E-07,-4.754166E+01
+9.7100000000E-07,-4.758333E+01
+9.7200000000E-07,-4.775000E+01
+9.7300000000E-07,-4.754166E+01
+9.7400000000E-07,-4.758333E+01
+9.7500000000E-07,-4.750000E+01
+9.7600000000E-07,-4.750000E+01
+9.7700000000E-07,-4.745834E+01
+9.7800000000E-07,-4.750000E+01
+9.7900000000E-07,-4.754166E+01
+9.8000000000E-07,-4.745834E+01
+9.8100000000E-07,-4.733334E+01
+9.8200000000E-07,-4.745834E+01
+9.8300000000E-07,-4.750000E+01
+9.8400000000E-07,-4.750000E+01
+9.8500000000E-07,-4.737500E+01
+9.8600000000E-07,-4.741667E+01
+9.8700000000E-07,-4.745834E+01
+9.8800000000E-07,-4.741667E+01
+9.8900000000E-07,-4.737500E+01
+9.9000000000E-07,-4.733334E+01
+9.9100000000E-07,-4.720833E+01
+9.9200000000E-07,-4.745834E+01
+9.9300000000E-07,-4.762500E+01
+9.9400000000E-07,-4.745834E+01
+9.9500000000E-07,-4.741667E+01
+9.9600000000E-07,-4.775000E+01
+9.9700000000E-07,-4.754166E+01
+9.9800000000E-07,-4.725000E+01
+9.9900000000E-07,-4.720833E+01
